item_no,brand,product,flavor_variant,pack_format,is_branded,brand_terms,product_terms,flavor_terms,negative_terms,search_queries,notes,review_status
22247,Tean's,chili crisp condiment,,jar,true,tean's|teans|tean's gourmet|teans gourmet|#teans|#teansgourmet,chili crisp|crispy chili|crispy garlic|chili garlic crisp|chili condiment|พริกกรอบ|กระเทียมเจียว|พริกทอดกรอบ|น้ำพริกกรอบ|ớt tỏi chiên giòn|dầu ớt giòn|tỏi ớt giòn|crispy chilli|chilli crisp|chili oil|chilli oil|crispy garlic chilli,,,tean's gourmet กระเทียมเจียวพริก|tean's crispy garlic chili|teans chili crisp review,"REVIEW EDIT: No sibling variants, so no flavor is required. British spelling 'chilli' added (October's Exact post: 'Tean's Gourmet Crispy Chilli'). || The description names no siblings and no origin country, and the catalog gives no pack type or flavor. I identified the brand as Tean's Gourmet, a Thai-style crispy condiment maker, from the name alone. Please confirm this. 5.64 oz (160 g) suggests a jar, but the pack format is a guess. No native-script brand spelling is confirmed, so none is included. Check that posts are about the condiment and not a person named Tean.",edited
22260,Oragon,chili garlic oil,,jar,true,oragon|#oragon|oragon foods|#oragonsiligarlicoil|oragon sili,chili garlic oil|chilli garlic oil|sili garlic oil|sili oil|chili oil|#chiligarlicoil|น้ำมันพริกกระเทียม|น้ำมันพริก|dầu tỏi ớt|dầu ớt tỏi|dầu sa tế tỏi|#oragonsiligarlicoil,,,oragon sili garlic oil|oragon chili garlic oil review|oragon dầu tỏi ớt,"REVIEW EDIT: October's Exact post is hashtag-only: #OragonSiliGarlicOil. || The brand is not in the catalog description, so I took 'Oragon' from the promo and warehouse item name, which read 'ORAGON SILI GARLIC OIL'. It appears to be a Filipino chili garlic oil, and 'sili' is Filipino for chili. There are no manufacturer sibling items to confirm this. 'Sili garlic' is the product type, so I left flavor_variant null; a reviewer should check whether a spicy/original variant exists. Pack format is inferred as a jar from the 9oz size, and should be confirmed. The brand spelling is uncommon, so consumers may mistype it (for example as 'oregon'); I did not add that as a search term.",edited
33115,,palm sugar paste,,other,false,,,,,,"The catalog gives no consumer brand, no sibling items from the same manufacturer, and no flavor. Palm sugar paste is treated as a generic commodity ingredient. 'DF' is probably a distributor or house abbreviation (possibly private label, or possibly Dragonfly), but nothing in the data confirms a searchable brand. A reviewer should check the physical label or vendor SRU02 and change is_branded to true if a real brand appears. Pack is 6 x 35.27 oz (1 kg each). The container type (tub, pouch or bag) is unknown, so pack_format is set to 'other'.",draft
34021,Honeybee,fruit juice drink,orange,bottle,true,honeybee|#honeybee|#honeybeedrink|ฮันนี่บี|ฮันนีบี,fruit juice drink|juice drink|orange drink|น้ำผลไม้|เครื่องดื่มน้ำผลไม้|nước ép trái cây|nước trái cây|nước giải khát,orange|orange juice|ส้ม|น้ำส้ม|รสส้ม|cam|nước cam|vị cam,honeybee pollen|honey bee insect|bee honey|น้ำผึ้ง|mật ong|honeybee hair|honeybee song|honeybee band|honeybee restaurant|honeybee candle,honeybee orange drink|honeybee น้ำส้ม|honeybee nước cam,"REVIEW EDIT: Brand HONEYBEE from the NAV catalog description. 'hb' and 'honey bee' dropped (generic). || Brand taken from the catalog description (HONEYBEE); 'HB' in the promo text is an abbreviation. No sibling items or vendor data were provided, and the country of origin is unknown, so the home market is uncertain. Reviewer should confirm the Thai and Vietnamese brand spellings and whether the brand is actually sold under 'Honeybee' in those markets. Honeybee is a common word and other products use the name, so results may need filtering. The 14.9 oz plastic bottle is a Honeybee-specific format to check against posts.",edited
34215,tasco,coffee soda,orange,can,true,tasco|ทาสโก้|#tasco|#tascocoffeesoda|tasko,coffee soda|sparkling coffee|carbonated coffee|โซดากาแฟ|กาแฟโซดา|soda cà phê|cà phê soda|cà phê có ga,orange|ส้ม|รสส้ม|cam|vị cam,tasco binoculars|tasco telescope|tasco riflescope|tasco scope|tasco optics|tasco insurance|tasco bot|tasco jsc|tasco auto,ทาสโก้ โซดากาแฟ ส้ม|tasco coffee soda orange|tasco soda cà phê cam,"The catalog has no brand info beyond the item name, and no origin, vendor or sibling items. The home market is unverified. Thai is assumed because of the coffee-orange soda trend, but Vietnam is possible, so the query order may need to change. The pack format is assumed to be a can from 11.2 oz (330 ml), and it could be a glass bottle. Tasco is also an optics brand and a Vietnamese infrastructure and auto company, so check that results are about the beverage. The Thai spelling ทาสโก้ is a guess and should be confirmed on the packaging.",draft
34300,Chun Guang,coconut milk drink,less sugar,can,true,chun guang|chunguang|chun guan|chunguan|cg coconut|春光|#chunguang|#chunguangcoconut,coconut milk drink|coconut milk|coconut drink|นมมะพร้าว|เครื่องดื่มนมมะพร้าว|sữa dừa|nước sữa dừa|椰奶,less sugar|low sugar|reduced sugar|น้ำตาลน้อย|ลดน้ำตาล|ít đường|giảm đường|少糖,春光乍泄|happy together|wong kar wai|chun guang school|chun guang hotel,chun guang coconut milk drink less sugar|sữa dừa chun guang ít đường|นมมะพร้าว chun guang น้ำตาลน้อย,"REVIEW EDIT: CG = Chun Guang (barcode siblings). || The description names no brand. The brand was inferred from the sibling items, which are CHUN GUANG / CHUN GUAN / CG coconut candy and 'CG COCONUT MILK DRINK'. Please confirm it is the Chun Guang (春光) coconut brand. Pack format 'can' is an assumption from the 8.3 oz (about 245 ml) size, and the catalog does not state it. The 'CG COCONUT MILK DRINK' sibling is probably the regular-sugar version, so posts that don't mention sugar level may be either item. I left out Thai and Vietnamese transliterations of the brand because I couldn't confirm that consumers use them.",edited
34301,Chun Guang,coconut milk drink,,can,true,chun guang|chunguang|chun kuang|chunguang coconut|春光|春光食品|ชุนกวง|#chunguang|#chunguangcoconut,coconut milk drink|coconut milk|coconut drink|นมมะพร้าว|เครื่องดื่มมะพร้าว|sữa dừa|椰奶,,春光乍泄|happy together|chun guang zha xie|春光明媚|chun guang shipping,chun guang coconut milk drink|sữa dừa chun guang|นมมะพร้าว chun guang,"REVIEW EDIT: CG = Chun Guang (barcode siblings). The regular version has no flavor to require. Coconut WATER / cooking coconut milk terms dropped. || The description only says 'CG'. It was resolved to Chun Guang (Hainan coconut products) from sibling items such as 'CHUN GUANG COCONUT CANDY' and 'CG COCONUT LOLLIPOP'. 'CG' alone is too ambiguous to use as a search term. The Thai spelling 'ชุนกวง' is a transliteration and should be checked against real posts. The sibling 'COCONUT MILK DRINK (LESS SUGAR)' exists, so this item is treated as the original, regular-sugar version. Reviewers should exclude posts about the less-sugar version. 8.3 oz is about 245 ml, which matches the Chun Guang can, but the catalog does not state the pack type. Check the format.",edited
34420,Cozy,tea,lychee,bottle,true,cozy|cosy|trà cozy|tra cozy|cozy tea|#tracozy|#cozytea|#cozyvietnam|cozy vietnam|โคซี่|#travaicozy,tea|bottled tea|iced tea|trà|trà đóng chai|trà đóng lon|ชา|ชาพร้อมดื่ม|#tracozy,lychee|litchi|lichi|vải|trà vải|ลิ้นจี่|ชาลิ้นจี่|#travaicozy|tra vai,cozy home|cozy vibes|cozy room|cozy cafe|cozy coffee shop|cozy bedroom|cozy blanket|cozy games|cozy gaming|cozy mystery|cozy outfit|cozy winter|cozy night|cozy asmr|cozy grove|cozy corner|ที่พักโคซี่|ห้องโคซี่|cozy hotel|cozy homestay,trà vải cozy|cozy trà vải review|cozy lychee tea,"REVIEW EDIT: Spec: Trà Cozy, #tracozy, #cozytea; trà vải. 'cosy' added (October's Exact post spells it 'Trà Vải Cosy'). Bare #cozy dropped (lifestyle noise). || Brand 'Cozy' is a common English word, so results need filtering for ambient 'cozy' content (home, cafe, gaming); keep the tea/trà context in queries. Sibling items are all Cozy-branded Vietnamese teas, confirming the brand (the description itself already names COZY). The catalog also has 'COZY LITCHI FLAVORED TEA', which is a separate sibling item that is probably the same lychee flavor, so reviewers should check that the two are not duplicates and that the promo refers to the right one. Size 24x15.38oz (about 455ml bottles) is a pack size, not a flavor. Native Thai spelling 'โคซี่' is a transliteration and is rarely used for this brand, so Vietnamese and English terms are the most reliable.",edited
34421,Cozy,tea,oolong mango,bottle,true,cozy|cosy|trà cozy|tra cozy|cozy tea|#tracozy|#cozytea|#cozyvietnam|cozy vietnam|โคซี่,tea|bottled tea|iced tea|trà|trà đóng chai|trà ô long|ชา|ชาอู่หลง|ชาพร้อมดื่ม|#tracozy,oolong mango|mango oolong|trà ô long xoài|ô long xoài|ชาอู่หลงมะม่วง|อู่หลงมะม่วง|#olongxoai|o long xoai,cozy home|cozy vibes|cozy cafe|cozy night|cozy blanket|cozy bed|cozy room|cozy coffee shop|cozy game|cozy gaming|cozy autumn|cozy winter|cozy outfit|cozy sweater|cozy mystery,trà ô long xoài cozy|review trà cozy xoài|cozy oolong mango tea,"REVIEW EDIT: Spec: trà ô long xoài. October post uses #olongxoai. Bare mango terms dropped (a mango + cozy tea post is not oolong mango). || The description does not state the origin, but the catalog says Vietnamese tea. The sibling items (COZY LYCHEE TEA, PEACH LEMONGRASS, KUMQUAT HONEY and so on) confirm a Cozy tea line, which is a Vietnamese brand sold as 'Trà Cozy'. 'Cozy' is a very common English word, so results need filtering by product context, such as a tea bottle or Vietnamese text. The size 24X15.38OZ is a case of 455ml bottles and is not a flavor. The Thai spelling โคซี่ is a transliteration and should be checked for actual consumer use.",edited
34422,Cozy,ready-to-drink tea,peach lemongrass,bottle,true,cozy|cosy|trà cozy|tra cozy|cozy tea|#tracozy|#cozytea|#cozyvietnam|cozy vietnam|โคซี่|#tradaosacozy,tea|iced tea|bottled tea|trà|trà đóng chai|trà đào sả|ชา|ชาพร้อมดื่ม|ชาเวียดนาม|#tracozy,peach lemongrass|peach lemongrass tea|lemongrass peach|đào sả|trà đào sả|vị đào sả|พีชเลมอนกราส|ชาพีชตะไคร้|ชาลูกพีชตะไคร้|พีช ตะไคร้|#tradaosacozy|tra dao sa,cozy home|cozy vibes|cozy night|cozy cafe|cozy room|cozy blanket|cozy outfit|cozy winter|cozy bedroom|cozy coffee shop|cozy game|cozy gaming|cozy corner|cozy mystery|cozy asmr|cozy cabin|cozy sweater|cozy autumn|cozy fall,trà đào sả cozy|review trà cozy đào sả|cozy peach lemongrass tea,"REVIEW EDIT: Spec: trà đào sả. || The description names Cozy, and the sibling items (Lychee, Oolong Mango, Kumquat Honey, Pink Guava, Green, Jasmine, Lotus and Litchi teas) are all Cozy teas, which confirms the brand. Cozy is a Vietnamese bottled tea brand, so Vietnamese comes first in the search terms. The English word 'cozy' is very common, so a reviewer should check that results show the bottled tea and not generic 'cozy' lifestyle content. The size 24X15.38OZ is a case of 455ml bottles and is not a flavor. The Vietnamese name 'trà đào sả' is the usual way to write peach lemongrass tea, and it is also a popular drink in cafés, so results may include homemade versions that are not the Cozy product.",edited
34423,Cozy,tea,kumquat honey,bottle,true,cozy|cosy|trà cozy|tra cozy|cozy tea|#tracozy|#cozytea|#cozyvietnam|cozy vietnam|โคซี่|#tratraicaycozy,tea|bottled tea|iced tea|trà|trà đóng chai|ชา|ชาพร้อมดื่ม|#tracozy,kumquat honey|kumquat|trà tắc mật ong|tắc mật ong|quất mật ong|trà quất mật ong|ชาคัมควอทน้ำผึ้ง,cozy home|cozy vibes|cozy night|cozy cafe|cozy room|cozy blanket|cozy bedroom|cozy winter|cozy games|cozy gaming|cozy coat|cozy mystery,trà tắc mật ong cozy|trà cozy tắc mật ong review|cozy kumquat honey tea,"REVIEW EDIT: Spec: trà tắc mật ong. Bare 'tắc' (also 'traffic jam') and น้ำผึ้ง (any honey) dropped. || Brand taken from the catalog description and from siblings, which are all COZY teas (lychee, oolong mango, peach lemongrass, etc.). The Vietnamese sibling line suggests a Vietnamese product, so Vietnamese queries come first. Cozy is also a common English word, so a reviewer should check hits for the bottled Vietnamese tea, not generic 'cozy' content. In Vietnam kumquat is usually called 'tắc' (southern) or 'quất' (northern). 24X15.38OZ is the case pack of about 455ml bottles, so it is not a flavor. Verify whether Thai spelling โคซี่ is actually used for this brand.",edited
34424,Cozy,iced tea,pink guava,bottle,true,cozy|cosy|trà cozy|tra cozy|cozy tea|#tracozy|#cozytea|#cozyvietnam|cozy vietnam|โคซี่|#trahoaquacozy,tea|iced tea|bottled tea|fruit tea|trà|trà đóng chai|trà trái cây|ชา|ชาพร้อมดื่ม|ชาผลไม้,pink guava|pink guava tea|ổi hồng|trà ổi hồng|ฝรั่งชมพู,cozy home|cozy vibes|cozy room|cozy cafe|cozy coffee shop|cozy mug|cozy blanket|cozy bedroom|cozy night|cozy winter|cozy autumn|cozy game|cozy gaming|cozy cabin|cozy fashion|cozy outfit|cozy decor|cozy asmr|cozy grove,trà ổi hồng cozy|review trà cozy ổi hồng|cozy pink guava tea,"REVIEW EDIT: Spec: trà ổi hồng. Bare guava terms dropped; ฝรั่ง alone also means 'foreigner'. Same 15.38oz bottle as its siblings, not a can. || The description does not name the brand, but the promo description begins with COZY and the sibling items from the same manufacturer are all COZY teas (lychee, oolong mango, peach lemongrass, kumquat honey, green, jasmine, lotus). Cozy is a Vietnamese ready-to-drink tea brand, so Vietnamese queries come first. The pack size 24X15.38OZ (about 455 ml) suggests a bottle rather than a can. Pack format was set to 'can' as a default, so please check it against the product image. 'Cozy' is a common English word, so results should be filtered for the tea brand. Confirm that 'ổi hồng' (pink guava) matches the Vietnamese packaging.",edited
34530,Ginseng Up,carbonated soda,kola champagne,bottle,true,ginseng up|ginsengup|#ginsengup|#ginsengupdrink|ginseng-up|ginseng up drink,soda|soft drink|carbonated drink|carbonated soda|น้ำอัดลม|โซดา|nước ngọt|nước ngọt có ga|nước giải khát|ginseng up,kola champagne|cola champagne|champagne kola|champagne cola|champagne soda|โคล่าแชมเปญ|โคล่า แชมเปญ|โคล่าแชมเปน|cola champagne vị|vị cola champagne|nước ngọt cola champagne,,ginseng up kola champagne|ginseng up soda review|ginseng up น้ำอัดลม,"REVIEW EDIT: Negatives cleared: 'korean ginseng' would have dropped October's Exact video ('korean ginseng extract ... ginseng up kola champagne'). Ginseng Up makes only sodas, so the brand counts as product. || No origin or vendor was given. The brand was taken from the sibling items (GINSENG UP DRINK-ORIGINAL, GINGER, CANE SUGAR COLA). Kola champagne is a Caribbean-style soda flavor, so Thai and Vietnamese posts are likely scarce. English and Caribbean diaspora content will probably dominate. No native-script spelling of the brand was confirmed, so none is included beyond Latin variants. A reviewer should check that 'ginseng up' hits are the soda and not ginseng supplements or energy products. The Thai and Vietnamese flavor terms are transliterations and should be verified.",edited
34532,Ginseng Up,carbonated ginseng soda,original,bottle,true,ginseng up|ginsengup|#ginsengup|#ginsengupsoda|ginseng up soda|จินเส็งอัพ|จินเซ็งอัพ|ginseng up nước ngọt,ginseng soda|ginseng drink|carbonated soda|soft drink|soda|โซดาโสม|น้ำอัดลมโสม|เครื่องดื่มโสม|น้ำอัดลม|nước ngọt nhân sâm|nước soda nhân sâm|nước ngọt có ga|nước sâm|ginseng up,original|original flavor|classic|รสออริจินัล|ออริจินัล|vị truyền thống|vị original|nguyên bản,,ginseng up soda original|ginseng up original review|nước ngọt ginseng up,"REVIEW EDIT: Negatives cleared (see 34530). Brand counts as product. || The description has no country of origin and no vendor. The brand is taken from the item name 'GINSENG UP', and the siblings (Kola Champagne, Ginger, Cane Sugar Cola) are all Ginseng Up sodas. Reviewer should check whether the product is the US-sold Ginseng Up soda line, since Thai and Vietnamese posts about it may be sparse and English results will probably dominate. The brand name is close to generic ginseng drink content, so results need filtering for the specific 'Ginseng Up' bottle. The Thai and Vietnamese spellings are transliterations I inferred, not confirmed consumer usage. The size is 12 oz, 24 per case, which is a pack size and not a flavor. The negative terms are generic phrases to filter unrelated ginseng supplement content, not confirmed homonyms.",edited
34534,Ginseng Up,ginseng cola soda,cane sugar cola,bottle,true,ginseng up|ginsengup|#ginsengup|ginseng-up|gingseng up|ginseng up drink,cola|soda|ginseng soda|ginseng cola|soft drink|โคล่า|น้ำอัดลม|โซดาโสม|nước ngọt|nước ngọt có ga|cô ca|nước ngọt nhân sâm|ginseng up,cane sugar cola|cane sugar|cola|real sugar cola|โคล่าน้ำตาลอ้อย|น้ำตาลอ้อย|โคล่า|cola đường mía|đường mía|cô ca,,ginseng up cane sugar cola review|ginseng up cola|ginseng up soda,"REVIEW EDIT: Negatives cleared (see 34530). Brand counts as product. || No vendor or description detail beyond the name. Siblings from the same manufacturer (Ginseng Up Original, Ginger, Kola Champagne) confirm the brand is Ginseng Up. Pack format is assumed to be a 12 oz glass bottle (24-pack case); the catalog does not say bottle or can, so a reviewer should verify. No clear Thai or Vietnamese native-script brand spelling was found, so none was added; the Thai and Vietnamese words for ginseng (โสม, nhân sâm) are generic, not the brand. Posts are likely to be mostly English and US-based.",edited
34583,Deedo,fruit juice,cantaloupe,can,true,deedo|ดีโด้|#deedo|dee do|deedo juice,fruit juice|juice|น้ำผลไม้|น้ำผลไม้ดีโด้|nước ép|nước ép trái cây|nước trái cây|drink|#drink|deedo cantaloupe|ดีโด้แคนตาลูป|ดีโด้ แคนตาลูป,cantaloupe|แคนตาลูป|dưa lưới,,น้ำผลไม้ ดีโด้ แคนตาลูป|deedo cantaloupe juice|nước ép dưa lưới deedo,"REVIEW EDIT: Spec term แคนตาลูป kept; brand+flavor phrases count as product (October's Exact video says only 'Deedo Cantaloupe ... #drink'). Generic melon dropped. || The description names the brand Deedo directly, and sibling items (Deedo orange, lychee, sainamphueng) confirm it is a Thai juice line. The pack size 6X10.14OZ is about 300 ml per unit, so the can format is inferred from the size and should be checked against the product image. The 8 X (6X...) notation suggests a case of 8 six-packs. Size is not a flavor. 'Dee do' is a possible consumer spelling, but 'deedo' is a fairly rare word, so check results for unrelated uses.",edited
34585,Deedo,fruit juice,sainamphueng orange (Sai Nam Phueng tangerine),can,true,deedo|ดีโด้|ดีโด|#deedo|#ดีโด้|dee do|deedoo,juice|fruit juice|น้ำผลไม้|น้ำผลไม้ผสมวุ้นมะพร้าว|nước ép|nước ép trái cây|น้ำส้ม|orange juice|น้ำผลไม้ดีโด้,sainamphueng|sai nam phueng|สายน้ำผึ้ง|ส้มสายน้ำผึ้ง|น้ำส้มสายน้ำผึ้ง,,ดีโด้ น้ำส้มสายน้ำผึ้ง|deedo sainamphueng orange juice|deedo sai nam phueng,"REVIEW EDIT: Draft said honeysuckle; สายน้ำผึ้ง here is the Sai Nam Phueng orange (October: 'Deedo Sainamphueng orange juice'). Spec term สายน้ำผึ้ง added. || The description names no flavor other than SAINAMPHUENG, which is Thai สายน้ำผึ้ง (honeysuckle, Lonicera). Sibling items are all Deedo fruit juices (orange, cantaloupe, lychee), so the brand is confirmed as Deedo. 'Deedo' is a Thai brand name. Pack size 6 x 10.14 oz is about 300 ml per unit. The pack format 'can' is an assumption, so the reviewer should check whether it is a can or a bottle. The product may also contain nata de coco or jelly pieces, which is unconfirmed, so the term 'น้ำผลไม้ผสมวุ้นมะพร้าว' should be verified or dropped.",edited
34590,Deedo,fruit juice with yogurt,orange,bottle,true,deedo|ดีโด้|#deedo|dee do|deedoo,fruit juice|yogurt juice|juice with yogurt|น้ำผลไม้|น้ำผลไม้ผสมโยเกิร์ต|โยเกิร์ตพร้อมดื่ม|nước ép trái cây|nước ép sữa chua|nước trái cây sữa chua|น้ำผลไม้ดีโด้ผสมโยเกิร์ต|#น้ำผลไม้ดีโด้ผสมโยเกิร์ต|ผสมโยเกิร์ต,orange|ส้ม|น้ำส้ม|cam|nước cam,,น้ำผลไม้ผสมโยเกิร์ต ดีโด้ ส้ม|deedo orange yogurt juice|nước ép cam sữa chua deedo,"REVIEW EDIT: Brand from barcode siblings (Deedo). Spec term น้ำผลไม้ดีโด้ผสมโยเกิร์ต added. || The description names no brand. Brand is inferred from sibling items by the same manufacturer (barcode prefix), which are all 'DEEDO ... FRUIT JUICE', including the strawberry juice with yogurt. Pack format is assumed to be a bottle from the 10.14 oz (300 ml) size and the 6-pack case configuration, so please verify. Also confirm that this is the Deedo orange yogurt variant and not the plain Deedo orange juice, which has separate catalog entries.",edited
34592,Deedo,fruit juice with yogurt,strawberry,bottle,true,deedo|ดีโด้|#deedo|dee do|deedo thailand,fruit juice|yogurt juice|juice with yogurt|น้ำผลไม้|น้ำผลไม้โยเกิร์ต|น้ำโยเกิร์ต|nước ép|nước ép trái cây|nước ép sữa chua|น้ำผลไม้ดีโด้ผสมโยเกิร์ต|#น้ำผลไม้ดีโด้ผสมโยเกิร์ต|ผสมโยเกิร์ต,strawberry|สตรอเบอร์รี่|สตรอว์เบอร์รี|dâu|dâu tây,,น้ำผลไม้โยเกิร์ต ดีโด้ สตรอเบอร์รี่|deedo strawberry yogurt juice|nước ép sữa chua deedo dâu,"REVIEW EDIT: Brand from barcode siblings (Deedo). Spec term น้ำผลไม้ดีโด้ผสมโยเกิร์ต added. || The description names no brand. Brand is inferred from sibling items from the same manufacturer (DEEDO ORANGE, CANTALOUPE, LYCHEE, SAINAMPHUENG FRUIT JUICE, and ORANGE FRUIT JUICE WITH YOGURT), so it is probably a Deedo yogurt juice; please confirm on the label. Pack format is assumed to be a bottle (6 x 10.14 oz is about 300 ml per unit) but is not stated in the catalog. 'STRAWBERY' is a misspelling in the source; consumers would write 'strawberry'. 'Deedo' is a fairly distinctive brand word, so no negative terms are needed.",edited
34637,sting,energy drink,red,can,true,sting|สติง|#sting|#stingenergy|#stingenergydrink|sting energy|sting năng lượng|#stingred|red sting|sting red|sting đỏ|sting dâu,energy drink|เครื่องดื่มชูกำลัง|น้ำอัดลมชูกำลัง|nước tăng lực|nuoc tang luc|#stingenergydrink|#stingred|sting red|red sting|sting dâu|sting đỏ,red|sting red|strawberry|แดง|สติงแดง|สติงสีแดง|đỏ|sting đỏ|vị dâu|#stingred|red sting|sting dâu|dâu,sting police|sting singer|the police sting|sting musician|sting wwe|sting wrestler|bee sting|wasp sting|sting operation|sting ray|stingray|ต่อย|แมลงต่อย|ong đốt,nước tăng lực sting đỏ|sting energy drink สีแดง|sting red energy drink can,"REVIEW EDIT: Spec: red sting, #stingred, Sting dâu. October's Exact video is 'RED STING!? #stingred #stingenergydrink'. Pack words (can/lon) dropped as product evidence. || The description does not state the flavor; 'RED' is the color variant. Sting Red is the standard red variant, often described as strawberry-flavored in Vietnam, but this is unverified, so a reviewer should check. The sibling items (Sting Yellow, Red Ginseng) support the brand being Sting, a PepsiCo energy drink popular in Vietnam and Thailand (Thai variants may be sold under other names). The 10.82 oz (320 ml) can size is consistent with the Vietnamese or Thai export market. The brand word 'sting' is ambiguous: it also means the singer, the wrestler, insect stings and police stings, so review results for those meanings. Keep the Red variant distinct from Yellow and Red Ginseng (which is a different product line).",edited
34658,Fanta,soft drink,orange,can,true,fanta|แฟนต้า|#fanta|#fantaorange|phanta|fanta drink,soft drink|soda|carbonated drink|soda pop|น้ำอัดลม|น้ำหวาน|nước ngọt|nước có ga|nước ngọt có ga|fanta|แฟนต้า|fanta orange|แฟนต้าน้ำส้ม|แฟนต้า ส้ม,orange|orange flavor|ส้ม|รสส้ม|น้ำส้ม|cam|vị cam|hương cam,fanta se|fanta cosplay,แฟนต้า รสส้ม|fanta cam|fanta orange,"REVIEW EDIT: Spec: แฟนต้า ส้ม / แฟนต้าน้ำส้ม. Fanta IS the soda, so the brand counts as product. 'fantasy'/'fantastic' negatives were redundant (whole-word match). || No vendor, origin or sibling items were given. The brand is read from the description itself, and Fanta Orange is a Coca-Cola product. 24x10.9oz is about 322 ml, which matches the 325 ml can sold in Thailand, so I assumed can, but the reviewer should confirm the format and the home market. Thailand is assumed for query language, and the Vietnamese terms are included for coverage. Fanta has other flavors (strawberry, grape, cream soda), so posts should be checked for the orange variant.",edited
34662,fanta,soft drink,grape,can,true,fanta|แฟนต้า|#fanta|phanta|fanta soda,soft drink|soda|carbonated drink|canned soda|น้ำอัดลม|เครื่องดื่มน้ำอัดลม|nước ngọt|nước ngọt có ga|fanta|แฟนต้า|fanta grape|แฟนต้า องุ่น|แฟนต้าองุ่น,grape|grape flavor|องุ่น|น้ำม่วง|กลิ่นองุ่น|nho|vị nho,,แฟนต้า องุ่น|fanta grape|fanta nho,"REVIEW EDIT: Spec: แฟนต้า องุ่น. Brand counts as product. || The catalog gives no origin, vendor or sibling items. 10.9 oz is about 322 ml, which fits the 325 ml can sold in Thailand (330 ml in Vietnam). Check the actual origin before relying on the Thai-first query order. The U.S. and Mexican Fanta grape cans are 12 oz, so they are less likely. Thai consumers sometimes call grape Fanta 'น้ำม่วง' (purple soda).",edited
35060,Hoshi,gummy candy,mango,bag,true,hoshi|โฮชิ|#hoshi|#hoshigummy|hoshi gumy,gummy|gummy candy|jelly candy|kẹo dẻo|kẹo gummy|กัมมี่|เยลลี่|เยลลี่กัมมี่|ขนมเยลลี่,mango|xoài|vị xoài|มะม่วง|รสมะม่วง,hoshi seventeen|seventeen|svt|kpop|호시|세븐틴|hoshi sushi|hoshi restaurant|hoshi yoga|hoshino|#seventeen|#svt|#kpop,kẹo dẻo hoshi xoài|hoshi gummy mango|กัมมี่ hoshi มะม่วง,"REVIEW EDIT: Spec: hoshi -> exclude #seventeen, #svt, K-pop. || The catalog gives no manufacturer siblings, no origin country and no package details. The 12X17.64OZ size suggests 500 g bags, so I set pack_format to bag. I could not confirm which market Hoshi gummy is sold in, so the Vietnamese and Thai queries are guesses. Check the real packaging and home market. The Thai spelling โฮชิ is a transliteration, not confirmed from the pack. 'Hoshi' is also a SEVENTEEN member's stage name and a common Japanese word (star), so the negative terms matter. Review results for fan content.",edited
35061,Hoshi,gummy candy,mango,bag,true,hoshi|โฮชิ|#hoshi|#hoshigummy|hoshi gummy|hoshy,gummy|gummies|gummy candy|jelly candy|เยลลี่|กัมมี่|เยลลี่กัมมี่|kẹo dẻo|kẹo gummy,mango|มะม่วง|xoài|kẹo dẻo xoài,hoshi seventeen|seventeen hoshi|hoshi kpop|hoshi svt|호시|세븐틴|hoshi restaurant|hoshi sushi|hoshi japanese restaurant|hoshi no kirby|hoshi genshin|#seventeen|#svt|#kpop,เยลลี่ hoshi มะม่วง|kẹo dẻo hoshi xoài|hoshi gummy mango,"REVIEW EDIT: Spec: hoshi -> exclude #seventeen, #svt, K-pop. || The catalog gives no country of origin, no other items from the manufacturer and no brand detail beyond the name, so the home market is a guess. Thai is listed first for that reason. Please confirm the market and that this is the Hoshi gummy brand. Pack size is 24 x 3.53 oz (100 g), which is a size and not a flavor. 'Hoshi' is also the Japanese word for 'star', a Seventeen member's stage name and a common restaurant name, so filter those out.",edited
35449,Kit Kat,chocolate wafer,cheesecake (Spider-Man edition),box,true,kit kat|kitkat|kit-kat|คิทแคท|คิดแคท|#kitkat|#คิทแคท|キットカット,chocolate|wafer|chocolate wafer|candy|ช็อกโกแลต|เวเฟอร์|เวเฟอร์ช็อกโกแลต|ขนม|sô cô la|bánh xốp|bánh wafer|socola|kitkat|kit kat|キットカット,cheesecake|cheese cake|spiderman|spider-man|spider man|ชีสเค้ก|สไปเดอร์แมน|bánh phô mai|cheesecake vị phô mai|người nhện|ny cheesecake|new york cheesecake|spider-man kitkat|スパイダーマン|チーズケーキ,kit kat club|kitkat club|kit kat resort|kit kat cat clock|kit kat klock,kitkat cheesecake spiderman|คิทแคท ชีสเค้ก สไปเดอร์แมน|kitkat spider-man cheesecake review,"REVIEW EDIT: Spec: 'spider-man kitkat', 'NY cheesecake', スパイダーマン キットカット. Kit Kat IS the product, so the brand counts as product. || No brand in the catalog text other than KIT KAT, and no sibling items were given. The item looks like a Japan-market Kit Kat limited edition with a Spider-Man tie-in. Pack size '2 X (14X3.6OZ)' is a case of 2 boxes with 14 pieces each, so look for mini bar multipacks. Reviewer should confirm the exact flavor, since the Spider-Man packaging could carry a different taste. The 'Kit Kat Club' negatives cover the Berlin nightclub and the Cabaret venue.",edited
37008,Surati,cake rusk,,bag,true,surati|#surati|સુરતી,rusk|cake rusk|rusks|toast|khari,,surati cuisine|surati thali|surati food|surati locho|surati undhiyu,surati cake rusk|surati rusk review,"REVIEW EDIT: Draft marked unbranded; Surati is an Indian bakery brand. Negatives: 'surati' also means 'from Surat' (food, thali). || No consumer brand found. 'Surati' means 'from Surat' and describes the style of rusk, like 'Punjabi' in the sibling item 'PUNJABI BISCUITS-ORIGINAL'. Neither sibling name shows a brand. The manufacturer's real brand may be printed on the pack (vendor code SAN10), so a reviewer should check the package. If a brand is found, set is_branded to true and add brand, product and search terms (e.g. 'cake rusk', 'surati rusk', 'tea rusk'). Pack format 'bag' is assumed from the 12X23OZ size and is not confirmed by the catalog.",edited
37350,Bento,squid snack,classic,bag,true,bento|เบนโตะ|#bento|#bentosquid|bento squid|bento seafood snack|mực bento|muc bento,squid snack|shredded squid|dried squid snack|seafood snack|ปลาหมึกอบ|ปลาหมึกกรอบ|ปลาหมึกเส้น|ขนมปลาหมึก|mực khô|snack mực|mực xé sợi|mực tẩm vị|mực bento|หมึก|ปลาหมึก,classic|original|คลาสสิก|รสออริจินัล|รสดั้งเดิม|vị truyền thống|vị classic|vị original,bento box|bento cake|lunch box|bento lunch|เบนโตะเค้ก|ข้าวกล่องเบนโตะ|cơm bento|bento cơm hộp|bento restaurant|bento ninja|bento gaming|bento laptop,bento squid snack classic|ปลาหมึกเบนโตะ รสคลาสสิก|bento mực snack,"REVIEW EDIT: Spec: mực bento, เบนโตะ. || The description names Bento but no explicit catalog brand. Sibling items (Bento Squid Snack in Thai Spice, Gochujang, BBQ Cheese etc.) confirm the brand. Bento is a very popular Thai-style squid snack brand, so verify the packaging with a reviewer. The term 'bento' is also a common word for Japanese lunch boxes, so filter out lunch box and cake content. Pack size 3 X (12X0.7OZ) is a multi-pack of small bags and is not a flavor.",edited
37351,Bento,squid snack,gochujang,bag,true,bento|เบนโตะ|เบนโตะ ปลาหมึก|#bento|#bentosquid|#bentoseafoodsnack|bento squid|bento seafood snack|mực bento|muc bento,squid snack|shredded squid|seasoned squid|snack|ปลาหมึกอบ|ปลาหมึกแผ่น|ปลาหมึกเส้น|ขนมปลาหมึก|snack mực|mực khô|mực tẩm gia vị|mực ăn liền|mực bento|หมึก|ปลาหมึก,gochujang|gochujang flavor|korean chili paste|โคชูจัง|โกชูจัง|โคชูจัง รสเผ็ดเกาหลี|tương ớt hàn quốc|vị gochujang|고추장,bento box recipe|bento cake|lunch bento|bento lunch box|bento ngoài|เบนโตะ ข้าวกล่อง|cơm bento,ขนมปลาหมึก เบนโตะ โคชูจัง|bento squid gochujang|mực tẩm bento gochujang,"REVIEW EDIT: Spec: mực bento, เบนโตะ. || No brand in the description; the brand Bento is taken from sibling items (BENTO SQUID SNACK in several flavors; Thai Bento brand of seafood snacks, vendor SRI02). Pack size 3 x (12 x 0.63oz) suggests a multipack of small bags; size is not a flavor. 'Bento' is also a common word for Japanese lunch boxes, so the negative terms are needed. Reviewer should confirm that posts are about the Bento seafood snack brand and not generic bento content. Thai is probably the home market, hence Thai query first.",edited
37352,Bento,squid snack,spicy,bag,true,bento|เบนโตะ|#bento|#bentosquid|#bentoseafoodsnack|bento squid|bento mực|mực bento|muc bento,squid snack|shredded squid|dried squid snack|seasoned squid|ปลาหมึกอบ|ปลาหมึกเส้น|ปลาหมึกแปรรูป|ขนมปลาหมึก|snack mực|mực khô|mực tẩm|mực ăn liền|mực bento|หมึก|ปลาหมึก,spicy|เผ็ด|รสเผ็ด|cay|vị cay,bento box|bento cake|bento lunch|bento restaurant|เบนโตะ ข้าวกล่อง|เค้กเบนโตะ|bento cake trend|cơm bento|bánh bento|hộp cơm bento,ขนมปลาหมึก bento เผ็ด|bento squid snack spicy|snack mực bento vị cay,"REVIEW EDIT: Spec: mực bento, เบนโตะ. 'hot' dropped (too generic). || Catalog gives no brand explicitly. Brand 'Bento' is taken from the description and the sibling items (all BENTO SQUID SNACK flavors). Bento is a well-known Thai seafood snack brand, but verify the manufacturer. 'Bento' also means a Japanese lunch box, so results may need filtering for bento-box content. The plain 'SPICY' variant should be told apart from siblings 'THAI SPICE', 'HOT & SPICY' (blue pack) and 'SWEET/SPICY' (red pack). Reviewers should check the pack color or label. Size 3 x (12 x 0.63 oz) is a multipack of small bags and is not a flavor. Siblings LOTUS DRUMSTICK and JOSS PAPER SHEET are unrelated brands or products.",edited
37353,Bento,squid snack,BBQ cheese,bag,true,bento|เบนโตะ|#bento|#bentosquid|bento squid|bento seafood snack|mực bento|muc bento,squid snack|shredded squid|dried squid snack|seafood snack|ปลาหมึกอบแห้ง|ปลาหมึกเส้น|หมึกอบกรอบ|ขนมปลาหมึก|snack mực|mực khô|mực sấy|đồ ăn vặt mực|mực bento|หมึก|ปลาหมึก,bbq cheese|barbecue cheese|bbq cheese flavor|บาร์บีคิวชีส|รสบาร์บีคิวชีส|รสชีสบาร์บีคิว|vị phô mai bbq|phô mai nướng|bbq phô mai,bento box|bento cake|bento lunch|เบนโตะข้าว|cơm bento|bánh bento|bento sushi|bento recipe|bento ideas|lunch box bento,bento squid bbq cheese|ปลาหมึก bento รสบาร์บีคิวชีส|mực bento vị phô mai bbq,"REVIEW EDIT: Spec: mực bento, เบนโตะ. Plain ชีส deliberately NOT a flavor term — October's Close video has a separate cheese slice. || The description names Bento as the brand, and the sibling items (Thai Spice, Classic, Gochujang, Spicy and others) confirm it is a Bento squid snack line. The brand is Thai-market, and the sibling 'Lotus Drumstick' and 'Joss Paper' items come from a different brand or line, so they were not used. The pack size is 3 x (12 x 0.63 oz), which means multiple small bags in a case. It is not a flavor. 'Bento' is a common word for Japanese lunch boxes and bento cakes, so reviewers should check that results show the squid snack and not a lunch box. The Thai transliteration เบนโตะ is a standard spelling, but confirm it appears on the packaging.",edited
43220,Chuon Chuon,rice paper,,bag,true,chuon chuon|chuồn chuồn|chuonchuon|chuonchuoneats|#chuonchuoneats|#chuonchuon|bánh tráng chuồn chuồn,rice paper|ricepaper|spring roll wrapper|bánh tráng|bánh tráng cuốn|bánh tráng gỏi cuốn|แผ่นข้าวเวียดนาม|แผ่นแป้งเปาะเปี๊ยะ|แผ่นเปาะเปี๊ยะเวียดนาม|แป้งห่อเปาะเปี๊ยะสด,,con chuồn chuồn|bắt chuồn chuồn|chuồn chuồn kim|chuồn chuồn ớt|chuồn chuồn bay|chong chóng tre|dragonfly insect|dragonfly tattoo|แมลงปอ,bánh tráng chuồn chuồn|cuốn gỏi cuốn bánh tráng chuồn chuồn|chuon chuon rice paper,"REVIEW EDIT: Spec: chuon chuon, chuonchuoneats; bánh tráng muối tôm is the SNACK, not this plain rice paper (judge decides Close). Dropped 'dragonfly rice paper' (other brands use dragonfly art) and an unverified Thai spelling. || No brand field in the catalog; the brand comes from the description 'CHUON CHUON' (Vietnamese chuồn chuồn = dragonfly), and no sibling items were listed. 22cm is the sheet diameter, so it is not a flavor. Pack format is assumed to be a bag (the usual format for dried rice paper); the catalog does not say. The brand word is also an ordinary word for the insect, so the negative terms matter. Reviewers should confirm the posts show the dragonfly-brand packaging, since other rice paper brands use dragonfly imagery.",edited
53096,Joyluck,bun bo hue seasoning,,box,true,joyluck|joy luck|joyluck brand|#joyluck|joyluckfoods,bun bo hue seasoning|bun bo hue spice|bun bo hue soup base|bun bo hue paste|gia vị bún bò huế|gói gia vị bún bò huế|sa tế bún bò huế|cách nấu bún bò huế|bún bò huế|เครื่องปรุงบุ๋นโบเว้|ซุปเส้นเวียดนามรสเผ็ด|#bunbohue,,joy luck club|joy luck casino|joyluck restaurant|joyluck club film,gia vị bún bò huế joyluck|joyluck bun bo hue seasoning|nấu bún bò huế joyluck,"REVIEW EDIT: Spec: joyluck -> exclude Joy Luck Club and restaurant names (already drafted). || Brand taken from the description (JOYLUCK); no sibling items were provided. The promo size 40X3.53OZ means 40 units of 100 g (3.53 oz) per case. The pack is likely a box or a sachet-type seasoning block, and the format should be checked against a product image. Catalog descriptions and flavor are empty. Joyluck is a Vietnamese-American food brand; confirm the exact Thai or Vietnamese spelling on the pack. The negative terms address the Joy Luck Club film and book and casino or restaurant names.",edited
53097,Joyluck,chicken pho seasoning,chicken pho,box,true,joyluck|joy luck|#joyluck,pho seasoning|pho seasoning cubes|pho spice mix|pho soup base|chicken pho seasoning|gia vị phở|gia vị nấu phở|viên gia vị phở|gia vị phở gà|เครื่องปรุงเฝอ|เครื่องปรุงเฝอไก่|ซุปก้อนเฝอ,chicken pho|pho ga|phở gà|เฝอไก่,joy luck club|the joy luck club|joyluck restaurant|joyluck hotel|joyluck casino|joy luck casino,gia vị phở gà joyluck|joyluck chicken pho seasoning|cách nấu phở gà joyluck,"REVIEW EDIT: Spec: joyluck -> exclude Joy Luck Club and restaurant names (already drafted). || The pack format is a guess. 3.53 oz (100 g) packs sold 40 per case are usually small boxes, so a reviewer should confirm that it is a box and not a pouch. Joyluck is a Vietnamese-American seasoning brand; its pho seasonings are typically a paste or cube form. Please confirm this is the Joyluck pho line from a Vietnamese manufacturer, not a different brand with a similar name. The Thai and Vietnamese spellings of the brand are unclear, so no native-script brand terms were added. No sibling items were provided. The negative terms cover 'The Joy Luck Club' (novel and film) and businesses named Joy Luck.",edited
55027,,chicken batter mix,,bag,false,,,,,,"Generic commodity batter mix with no consumer brand in any catalog field, and no sibling items from the same manufacturer to indicate one. The 10x2.2lbs pack looks like foodservice or bulk. Vendor code RSF01 is not a consumer brand. Marked unbranded, so all term lists are empty.",draft
68235,Cozy,cold brew tea,snow shan tea,box,true,cozy|cosy|trà cozy|tra cozy|cozy tea|#tracozy|#cozytea|#cozyvietnam|cozy vietnam|โคซี่,cold brew tea|cold brew|tea bag|tea bags|trà cold brew|trà túi lọc|trà ủ lạnh|#tracozy|ชาสกัดเย็น|ชาโคลด์บรูว์|ชาซอง,snow shan tea|snow shan|shan tuyet|shan tuyết|trà shan tuyết|trà tuyết shan|#shantuyetcoldbrew,cozy home|cozy vibes|cozy cafe|cozy blanket|cozy room|cozy mug|cozy bedroom|cozy night|cozy outfit|cozy corner,trà shan tuyết cold brew cozy|trà cozy túi lọc cold brew|cozy snow shan tea cold brew,"REVIEW EDIT: Spec: Snow Shan cold brew -> shan tuyết. || No sibling items were provided. Cozy is treated as the Vietnamese tea brand (shan tuyết is a Vietnamese highland tea), which is an assumption based on the product name. Pack format 'box' is inferred from 12X12PCS, which probably means 12 boxes of 12 cold-brew tea bags. Please check whether it is tea bags or ready-to-drink bottles. Thai flavor terms are left out because there is no reliable Thai spelling for 'snow shan'. 'cosy tea' is the British spelling and may bring in generic 'cosy' posts.",edited
68236,Cozy,cold brew tea bags,matcha genmaicha,box,true,cozy|cosy|trà cozy|tra cozy|cozy tea|#tracozy|#cozytea|#cozyvietnam|cozy vietnam|โคซี่,cold brew tea|cold brew tea bag|tea bag|trà cold brew|trà túi lọc|trà túi lọc cold brew|ชาโคลด์บรูว์|ชาเย็นแบบซอง|ชาซอง|#tracozy,matcha genmaicha|genmaicha|trà gạo rang matcha|trà matcha gạo lứt|trà gạo lứt rang|มัทฉะเก็นไมฉะ|เก็นไมฉะ|ชาข้าวคั่วมัทฉะ|ชาเขียวข้าวคั่ว|matcha gạo rang|gạo rang|matcha gao rang|trà gạo rang,cozy home|cozy room|cozy bedroom|cozy vibes|cozy vibe|cozy cafe|cozy night|cozy winter|cozy autumn|cozy blanket|cozy aesthetic|cozy gaming|cozy games|cozy outfit|cozy sweater|ấm cúng|ห้องสบาย,trà cozy matcha genmaicha|cozy cold brew matcha genmaicha|trà túi lọc cozy cold brew,"REVIEW EDIT: Spec: matcha gạo rang (October's Exact post: 'trà ủ lạnh matcha gạo rang cozy'). Bare 'matcha' dropped. || No siblings or manufacturer info were given. Cozy is identified as a Vietnamese tea brand from the name alone (cold brew tea bags), so the reviewer should confirm the brand and home market. The description is just 'COZY MATCHA GENMAICHA COLDBREW'. '12X12PCS' is read as 12 boxes of 12 tea bags, which should also be confirmed. 'Cozy' is a common English word, so filter out generic 'cozy' lifestyle content; the search queries pair it with product words for that reason. Avoid bare '#cozy', which is very noisy.",edited
71205,,half dried mackerel,,frozen,false,,,,,,"The description starts with 'D FZ', so this is the distributor's private-label frozen item with no searchable consumer brand. All term lists are left empty. The catalog gives no vendor, country of origin, or sibling items. The size 25X14.1OZ is a case pack (25 packs of about 400 g), not a flavor.",draft
71241,,canned braised mackerel,braised sugar cane,can,false,,,,,,"No brand appears in the promo or catalog text. The vendor field is empty and there are no sibling items from the same barcode prefix to infer a brand from. The 24x14.1oz (400g) can size and the 'braised sugar cane' style suggest a Vietnamese dish (cá nục/cá thu kho mía), but this is unconfirmed. A reviewer should check the physical label or barcode. If a consumer brand is found, re-run the item with that brand, which would allow brand, product and flavor terms (e.g. cá thu kho mía, mackerel braised with sugar cane). Until then it is treated as unbranded, so the term lists and search queries are left empty.",draft
71260,,caramelized freshwater prawn,,frozen,false,,,,,,"No consumer brand appears in the description. The catalog has no vendor, no sibling items and no origin country. 'FZ CARAMELIZE FRESHWTR PRAWN' reads like a generic or private-label frozen prepared dish (caramelized freshwater prawn, similar to Vietnamese tôm kho or Thai-style prawns). The 18x14.1oz pack size suggests a foodservice or retail case. Treated as unbranded, so all term lists are empty. A reviewer should confirm there is no brand on the actual packaging.",draft
71280,,braised king oyster mushroom,,frozen,false,,,,,,"No brand appears in the promo, catalog or warehouse description, and there is no vendor or sibling-item data to infer one from. 'FZ' means frozen, not a brand. The item looks like a generic frozen prepared vegetable (braised king oyster mushroom), not a distributor private-label 'D FZ' dish, but it is not a searchable consumer brand either. A reviewer should check the physical pack or barcode prefix in case a brand is printed on it. If one is found, re-run with that brand. The 24X12.4OZ size is a case pack of 24 units at 12.4 oz, and is not a flavor.",draft
71292,,braised snakehead fish with gourd,,frozen,false,,,,,,"The description starts with 'D ' followed by a dish name (D BRAISE SNAKEHEAD FISH GOURD), so this is the distributor's private-label frozen dish and has no searchable consumer brand. The category 1600/1615 and the 20x17.6oz case pack are consistent with a frozen prepared dish. The dish is probably Vietnamese 'cá lóc kho bầu' or a similar braised snakehead dish. All term lists are left empty under the private-label rule. A reviewer may confirm that no third-party brand is printed on the package.",draft
71293,,stir-fried eel,,frozen,false,,,,,,"Description starts with 'D FZ' followed by a dish name, so this is the distributor's private-label frozen dish. It has no searchable consumer brand, so all term lists are empty. The catalog has no vendor, manufacturer siblings or origin that could suggest a different brand.",draft
71294,,braised smelt-whiting fish,,frozen,false,,,,,,"The description starts with 'D FZ', which marks the distributor's private-label frozen dishes, so there is no consumer brand to search. The catalog gives no brand, vendor, or sibling items that would suggest one. All term lists are left empty on purpose. The pack size is 20X17.6OZ (about 500 g per pack), and the item is in category 1600/1615, which I take to be frozen prepared seafood. A reviewer only needs to check this if 'D FZ' turns out not to mean the distributor's own label.",draft
71295,,steamed barramundi with soybean,,frozen,false,,,,,,"Description starts with 'D FZ', so this is the distributor's private-label frozen dish and has no searchable consumer brand. All term lists are left empty. The catalog gives no vendor, manufacturer siblings or origin, so nothing else to check.",draft
71335,,banh mi with fishcake,,frozen,false,,,,,,"Description starts with 'D FZ' followed by a dish name, so this is the distributor's private-label frozen dish and has no searchable consumer brand. All term lists are left empty. The 25X7OZ size is a case pack of 25 units at 7 oz each and is not a flavor.",draft
73143,,frozen peeled cassava,,frozen,false,,,,,,"Generic frozen commodity (peeled cassava, 40x1 lb case) with no consumer brand. Sibling items from the same manufacturer (frozen chili, lemongrass) are also generic frozen produce, so no brand can be inferred. Term lists are left empty because there is nothing brand-specific to search.",draft
73166,,sticky rice and spinach ball,,frozen,false,,,,,,"The description starts with 'DFZ', which marks the distributor's private-label frozen dishes, so there is no searchable consumer brand. The catalog has no vendor or sibling items to suggest a different brand. All term lists are left empty on purpose. The pack size 16X15.86OZ (about 450 g per bag, 16 per case) is a size, not a flavor.",draft
73230,,golden fried banana puffs,,frozen,false,,,,,,"Description starts with 'D FZ', so this is the distributor's private-label frozen dish and has no searchable consumer brand. All term lists are left empty. The catalog has no vendor, origin or sibling items that point to a separate brand. Pack size is 20x16oz (frozen).",draft
73651,,spring roll pastry,,frozen,false,,,,,,"The description names no consumer brand. The catalog has no vendor, no manufacturer siblings and no body text. 'FZ' means frozen, and the item is a 40 x 12.35 oz case of generic frozen spring roll wrappers, which is a commodity. 'DF' is unresolved. It could be a brand abbreviation, a distributor code, or a product attribute, so a reviewer should check the physical pack or the vendor. If it turns out to be a real brand, re-run with that brand name. It does not match the 'D FZ' / 'DFZ' private-label dish pattern exactly.",draft
73802,,Vietnamese sweet and sour soup (canh chua),,frozen,false,,,,,,"No consumer brand appears in any catalog field, and there are no sibling items from the same manufacturer to infer one from. The 'FZ VIET ...' pattern is a frozen prepared dish, which matches the distributor's private-label frozen dishes, although it lacks the usual 'D FZ' prefix. The pack is 18 x 12.7 oz. A reviewer should confirm it is private label. If a real brand turns up on the packaging, rerun with that brand. The dish is probably canh chua.",draft
73813,,animal shaped steamed buns,,frozen,false,,,,,,"No brand appears in any field: the promo, catalog and warehouse descriptions are all the generic 'FZ ANIMAL SHAPED STEAMED BUNS'. Vendor, country of origin and same-manufacturer siblings are empty, so no brand could be inferred. The item looks like a generic frozen commodity or a private-label dish. Marked unbranded with empty term lists. If the physical pack shows a consumer brand, a reviewer should add it and regenerate the terms. The 16x7.05oz size is a pack size and not a flavor.",draft
86251,,bamboo sushi mat,,other,false,,,,,,"Generic kitchen tool (bamboo sushi rolling mat) with no consumer brand in the description, and no sibling items from the same manufacturer to suggest one. Treated as an unbranded commodity, so all term lists are empty. Pack format is 'other' because it is a non-food utensil sold in multipacks (3 x 12 pcs).",draft
